timestamp,command,a,b,result
2025-06-30 14:10:43,add,4.0,2.0,6.0
2025-06-30 14:10:48,subtract,6.0,5.0,1.0
2025-06-30 14:10:55,multiply,9.0,6.0,54.0
2025-06-30 14:11:01,divide,54.0,9.0,6.0
2025-06-30 14:21:30,add,5.0,6.0,11.0
2025-06-30 14:23:04,add,6.0,5.0,11.0
2025-06-30 14:23:28,subtract,10.0,4.0,6.0
2025-06-30 14:24:54,add,5.0,6.0,11.0
2025-06-30 14:24:59,subtract,10.0,4.0,6.0
2025-06-30 14:25:03,multiply,6.0,6.0,36.0
2025-06-30 14:26:44,add,6.0,5.0,11.0
2025-06-30 14:26:51,subtract,10.0,4.0,6.0
2025-06-30 14:26:55,multiply,6.0,6.0,36.0
2025-06-30 14:27:00,divide,50.0,10.0,5.0
2025-06-30 14:49:44,add,3.0,4.0,7.0
2025-06-30 14:49:49,subtract,6.0,5.0,1.0
2025-06-30 14:49:54,multiply,9.0,9.0,81.0
2025-06-30 14:49:59,divide,30.0,5.0,6.0
